[
  {
    "x": "0",
    "y": "0"
  },
  {
    "x": "252",
    "y": "33"
  },
  {
    "x": "292",
    "y": "33"
  },
  {
    "x": "252",
    "y": "71"
  },
  {
    "x": "292",
    "y": "71"
  },
  {
    "x": "338",
    "y": "128"
  },
  {
    "x": "339",
    "y": "165"
  },
  {
    "x": "337",
    "y": "202"
  },
  {
    "x": "339",
    "y": "240"
  },
  {
    "x": "330",
    "y": "275"
  },
  {
    "x": "937",
    "y": "40"
  },
  {
    "x": "977",
    "y": "40"
  },
  {
    "x": "937",
    "y": "75"
  },
  {
    "x": "977",
    "y": "75"
  },
  {
    "x": "918",
    "y": "151"
  },
  {
    "x": "880",
    "y": "160"
  },
  {
    "x": "848",
    "y": "185"
  },
  {
    "x": "813",
    "y": "160"
  },
  {
    "x": "775",
    "y": "181"
  },
  {
    "x": "1006",
    "y": "606"
  },
  {
    "x": "1043",
    "y": "606"
  },
  {
    "x": "1006",
    "y": "643"
  },
  {
    "x": "1046",
    "y": "643"
  },
  {
    "x": "913",
    "y": "658"
  },
  {
    "x": "882",
    "y": "629"
  },
  {
    "x": "855",
    "y": "597"
  },
  {
    "x": "855",
    "y": "557"
  },
  {
    "x": "855",
    "y": "517"
  },
  {
    "x": "235",
    "y": "629"
  },
  {
    "x": "273",
    "y": "629"
  },
  {
    "x": "234",
    "y": "666"
  },
  {
    "x": "273",
    "y": "666"
  },
  {
    "x": "348",
    "y": "606"
  },
  {
    "x": "362",
    "y": "571"
  },
  {
    "x": "368",
    "y": "535"
  },
  {
    "x": "368",
    "y": "503"
  },
  {
    "x": "368",
    "y": "465"
  },
  {
    "x": "374",
    "y": "118"
  },
  {
    "x": "413",
    "y": "116"
  },
  {
    "x": "451",
    "y": "117"
  },
  {
    "x": "478",
    "y": "143"
  },
  {
    "x": "513",
    "y": "163"
  },
  {
    "x": "547",
    "y": "145"
  },
  {
    "x": "590",
    "y": "134"
  },
  {
    "x": "628",
    "y": "122"
  },
  {
    "x": "662",
    "y": "142"
  },
  {
    "x": "697",
    "y": "121"
  },
  {
    "x": "734",
    "y": "114"
  },
  {
    "x": "778",
    "y": "114"
  },
  {
    "x": "818",
    "y": "105"
  },
  {
    "x": "860",
    "y": "100"
  },
  {
    "x": "893",
    "y": "119"
  },
  {
    "x": "944",
    "y": "186"
  },
  {
    "x": "917",
    "y": "212"
  },
  {
    "x": "947",
    "y": "235"
  },
  {
    "x": "916",
    "y": "262"
  },
  {
    "x": "949",
    "y": "290"
  },
  {
    "x": "921",
    "y": "318"
  },
  {
    "x": "940",
    "y": "349"
  },
  {
    "x": "941",
    "y": "389"
  },
  {
    "x": "911",
    "y": "418"
  },
  {
    "x": "910",
    "y": "455"
  },
  {
    "x": "938",
    "y": "484"
  },
  {
    "x": "904",
    "y": "506"
  },
  {
    "x": "907",
    "y": "544"
  },
  {
    "x": "930",
    "y": "572"
  },
  {
    "x": "962",
    "y": "592"
  },
  {
    "x": "934",
    "y": "614"
  },
  {
    "x": "959",
    "y": "640"
  },
  {
    "x": "867",
    "y": "665"
  },
  {
    "x": "839",
    "y": "638"
  },
  {
    "x": "808",
    "y": "665"
  },
  {
    "x": "771",
    "y": "646"
  },
  {
    "x": "746",
    "y": "618"
  },
  {
    "x": "713",
    "y": "639"
  },
  {
    "x": "674",
    "y": "631"
  },
  {
    "x": "636",
    "y": "632"
  },
  {
    "x": "597",
    "y": "623"
  },
  {
    "x": "558",
    "y": "611"
  },
  {
    "x": "529",
    "y": "641"
  },
  {
    "x": "493",
    "y": "621"
  },
  {
    "x": "456",
    "y": "639"
  },
  {
    "x": "422",
    "y": "617"
  },
  {
    "x": "382",
    "y": "622"
  },
  {
    "x": "313",
    "y": "591"
  },
  {
    "x": "287",
    "y": "564"
  },
  {
    "x": "318",
    "y": "542"
  },
  {
    "x": "289",
    "y": "521"
  },
  {
    "x": "262",
    "y": "494"
  },
  {
    "x": "259",
    "y": "458"
  },
  {
    "x": "295",
    "y": "434"
  },
  {
    "x": "267",
    "y": "406"
  },
  {
    "x": "268",
    "y": "369"
  },
  {
    "x": "295",
    "y": "340"
  },
  {
    "x": "296",
    "y": "300"
  },
  {
    "x": "274",
    "y": "271"
  },
  {
    "x": "305",
    "y": "240"
  },
  {
    "x": "271",
    "y": "215"
  },
  {
    "x": "302",
    "y": "186"
  },
  {
    "x": "271",
    "y": "162"
  },
  {
    "x": "300",
    "y": "135"
  }
]